{
    "mean": [
      [
        0.10854749381542206,
        0.39303383231163025,
        0.8325037956237793,
        0.7516235113143921,
        4.891713619232178,
        3.931594133377075,
        5.510922431945801,
        10.938292503356934,
        8.180309295654297,
        9.049952507019043,
        11.103649139404297,
        11.474397659301758,
        9.491952896118164,
        10.121376991271973,
        10.78382682800293,
        11.200324058532715,
        10.982332229614258,
        10.408799171447754,
        9.878108978271484,
        9.202140808105469,
        8.220368385314941,
        7.076528072357178,
        5.879645824432373,
        4.784699440002441,
        3.8933629989624023,
        3.310567855834961,
        3.1181161403656006,
        2.331662893295288,
        2.074036121368408,
        2.2704365253448486,
        1.7128269672393799,
        1.85042142868042,
        1.5616116523742676,
        1.6594120264053345,
        1.4299176931381226,
        1.5270662307739258,
        1.4592399597167969,
        1.3522921800613403,
        1.2744141817092896,
        1.166279673576355,
        1.028499960899353,
        0.8847088813781738,
        0.7539879679679871,
        0.6533715724945068,
        0.5921533107757568,
        0.56862473487854,
        0.5981897115707397,
        0.5618735551834106,
        0.5781941413879395,
        0.5145304203033447,
        0.47276052832603455,
        0.3877009451389313,
        0.34016093611717224,
        0.3077351152896881,
        0.29015079140663147,
        0.28642740845680237,
        0.2809881567955017,
        0.27131950855255127,
        0.24853020906448364,
        0.2209995985031128,
        0.2017461210489273,
        0.18732286989688873,
        0.1737859845161438,
        0.16661150753498077,
        0.16215503215789795,
        0.16157028079032898,
        0.1588287502527237,
        0.15784437954425812,
        0.15773308277130127,
        0.15666289627552032,
        0.15247265994548798,
        0.1520722657442093,
        0.15082474052906036,
        0.14547084271907806,
        0.14157217741012573,
        0.1372256726026535,
        0.13846614956855774,
        0.13996608555316925,
        0.1252182424068451,
        0.030159074813127518
      ]
    ],
    "invstddev": [
      [
        0.4585569202899933,
        0.12664414942264557,
        0.17216093838214874,
        0.19067996740341187,
        0.05594082549214363,
        0.08029145002365112,
        0.05481337755918503,
        0.02629084140062332,
        0.03404908999800682,
        0.03190481290221214,
        0.021922271698713303,
        0.020177708938717842,
        0.025121117010712624,
        0.02472526580095291,
        0.022363735362887383,
        0.020035061985254288,
        0.01905396208167076,
        0.019068483263254166,
        0.019617855548858643,
        0.020556654781103134,
        0.022257527336478233,
        0.024874821305274963,
        0.028473924845457077,
        0.03296764940023422,
        0.03767748922109604,
        0.04073995724320412,
        0.040657367557287216,
        0.05114157125353813,
        0.05724421888589859,
        0.05297716706991196,
        0.06828732788562775,
        0.06749143451452255,
        0.07967884093523026,
        0.07929220050573349,
        0.09555278718471527,
        0.09107609838247299,
        0.09690660983324051,
        0.1075768768787384,
        0.11268041282892227,
        0.1209448054432869,
        0.13458435237407684,
        0.15244172513484955,
        0.1786084920167923,
        0.21078240871429443,
        0.23777835071086884,
        0.2519545555114746,
        0.22642001509666443,
        0.24079374969005585,
        0.27649155259132385,
        0.30705636739730835,
        0.326924204826355,
        0.3834015130996704,
        0.42826858162879944,
        0.4682031571865082,
        0.49103546142578125,
        0.43817248940467834,
        0.41988247632980347,
        0.4564308822154999,
        0.49147623777389526,
        0.548060953617096,
        0.5390576124191284,
        0.5509078502655029,
        0.547637939453125,
        0.5430847406387329,
        0.5530684590339661,
        0.5578088164329529,
        0.6006385684013367,
        0.6044742465019226,
        0.5871365070343018,
        0.5959631204605103,
        0.6320202946662903,
        0.6272257566452026,
        0.6083295345306396,
        0.6251011490821838,
        0.6479470729827881,
        0.6589621901512146,
        0.623241126537323,
        0.5710373520851135,
        0.6234877109527588,
        2.4191172122955322
      ]
    ]
  }